STATE/UT,DISTRICT,Year,Rape,Kidnapping_&_Abduction,Dowry_Deaths,Assault_on_women_with_intent_to_outrage_her_modesty,Insult_to_modesty_of_Women,Cruelty_by_Husband_or_his_Relatives,Importation_of_Girls,Total,Latitude,Longitude
ANDHRA PRADESH,ADILABAD,2001,50,30,16,149,34,175,0,454,19.28451395,78.81321233
ANDHRA PRADESH,ANANTAPUR,2001,23,30,7,118,24,154,0,356,14.31206556,77.46015845
ANDHRA PRADESH,CHITTOOR,2001,27,34,14,112,83,186,0,456,13.33109263,78.92763899
ANDHRA PRADESH,CUDDAPAH,2001,20,20,17,126,38,57,0,278,14.49028913,78.69613871
ANDHRA PRADESH,EAST GODAVARI,2001,23,26,12,109,58,247,0,475,16.78271832,82.24320747
ANDHRA PRADESH,GUNTAKAL RLY.,2001,0,0,0,1,0,0,0,1,15.1674,77.3736
ANDHRA PRADESH,GUNTUR,2001,54,51,7,139,129,378,0,758,15.88492577,80.58657614
ANDHRA PRADESH,HYDERABAD CITY,2001,37,39,24,118,27,746,0,991,16.63954622,77.98933089
ANDHRA PRADESH,KARIMNAGAR,2001,56,49,62,414,81,224,0,886,18.51548319,79.43765429
ANDHRA PRADESH,KHAMMAM,2001,47,30,17,180,336,172,0,782,17.68392133,80.67008644
ANDHRA PRADESH,KRISHNA,2001,37,21,10,208,72,265,0,613,16.14387275,81.14805061
ANDHRA PRADESH,KURNOOL,2001,29,47,13,141,107,92,0,429,15.43759715,77.90086837
ANDHRA PRADESH,MAHABOOBNAGAR,2001,59,27,14,176,41,69,0,386,16.63954622,77.98933089
ANDHRA PRADESH,MEDAK,2001,35,20,26,100,25,192,0,398,17.88930498,78.13778902
ANDHRA PRADESH,NALGONDA,2001,35,19,31,188,59,214,0,546,17.11325052,79.16984454
ANDHRA PRADESH,NELLORE,2001,46,80,10,207,228,287,0,858,13.89434407,80.14702672
ANDHRA PRADESH,NIZAMABAD,2001,21,21,19,55,15,228,0,359,18.42948585,78.07523491
ANDHRA PRADESH,PRAKASHAM,2001,19,12,5,140,100,119,0,395,15.489039,80.1166579
ANDHRA PRADESH,RANGA REDDY,2001,72,83,37,113,55,421,7,788,17.24523587,78.05756828
ANDHRA PRADESH,SECUNDERABAD RLY.,2001,0,0,1,0,1,0,0,2,17.4337,78.5016
ANDHRA PRADESH,SRIKAKULAM,2001,8,12,6,38,47,108,0,219,18.570901,84.25874814
ANDHRA PRADESH,VIJAYAWADA,2001,25,48,2,84,122,520,0,801,16.51928,80.63049
ANDHRA PRADESH,VIJAYAWADA RLY.,2001,1,0,0,1,1,0,0,3,16.5178,80.6201
ANDHRA PRADESH,VISAKHA RURAL,2001,12,12,3,67,48,99,0,241,,
ANDHRA PRADESH,VISAKHAPATNAM,2001,13,6,0,33,462,204,0,718,17.64683903,83.01014036
ANDHRA PRADESH,VIZIANAGARAM,2001,8,2,0,40,22,121,0,193,18.28329696,83.45982854
ANDHRA PRADESH,WARANGAL,2001,53,25,52,241,0,165,0,536,18.01752609,79.87422029
ANDHRA PRADESH,WEST GODAVARI,2001,61,21,15,246,56,348,0,747,16.63297944,81.45912991
ARUNACHAL PRADESH,CHANGLANG,2001,1,2,0,3,0,0,0,6,27.36048479,96.37552645
ARUNACHAL PRADESH,DIBANG VALLEY,2001,2,4,0,4,0,2,0,12,28.3265173,95.76567336
ARUNACHAL PRADESH,KAMENG EAST,2001,2,5,0,5,0,0,0,12,27.37119406,93.04741486
ARUNACHAL PRADESH,KAMENG WEST,2001,0,2,0,0,0,0,0,2,27.46486582,92.6501575
ARUNACHAL PRADESH,LOHIT,2001,2,6,0,8,0,0,0,16,27.94678527,96.59670771
ARUNACHAL PRADESH,PAPUM PARE,2001,9,5,0,6,0,3,0,23,27.27352972,93.54468184
ARUNACHAL PRADESH,SIANG EAST,2001,5,7,0,7,0,2,0,21,28.15382353,95.06499226
ARUNACHAL PRADESH,SIANG UPPER,2001,2,5,0,3,0,0,0,10,28.83092449,95.00155765
ARUNACHAL PRADESH,SIANG WEST,2001,4,10,0,25,2,2,0,43,28.10629692,94.53510344
ARUNACHAL PRADESH,SUBANSIRI LOWER,2001,2,5,0,4,0,0,0,11,27.70849297,93.96226108
ARUNACHAL PRADESH,SUBANSIRI UPPER,2001,2,1,0,8,0,2,0,13,28.27719657,93.89914356
ARUNACHAL PRADESH,TAWANG,2001,1,0,0,5,1,0,0,7,27.68068396,91.82504245
ARUNACHAL PRADESH,TIRAP,2001,1,3,0,0,0,0,0,4,26.9440623,95.41470328
ASSAM,BARPETA,2001,28,88,10,29,0,95,0,250,26.42787226,90.9791201
ASSAM,BONGAIGAON,2001,20,21,1,22,0,26,0,90,26.45012522,90.67342962
ASSAM,C.I.D.,2001,0,0,0,0,0,0,0,0,,
ASSAM,CACHAR,2001,45,74,7,80,0,216,0,422,24.81557067,92.8684965
ASSAM,DARRANG,2001,48,47,9,56,0,37,0,197,26.58463216,92.04141338
ASSAM,DHEMAJI,2001,42,20,0,26,0,0,0,88,27.58653344,94.71336909
ASSAM,DHUBRI,2001,43,51,5,49,0,111,0,259,26.04506148,89.98500822
ASSAM,DIBRUGARH,2001,35,37,3,41,0,19,0,135,27.30612284,95.09982823
ASSAM,G.R.P.,2001,1,0,0,0,0,0,0,1,,
HIMACHAL PRADESH,G.R.P.,2001,0,0,0,0,0,0,0,0,,
RAJASTHAN,G.R.P.,2001,1,4,0,14,0,0,0,19,,
UTTAR PRADESH,G.R.P.,2001,2,2,1,18,71,1,0,95,,
ASSAM,GOALPARA,2001,35,35,1,54,0,64,0,189,26.01727778,90.59869892
ASSAM,GOLAGHAT,2001,30,40,0,23,0,26,0,119,26.37721971,93.82583398
ASSAM,GUWAHATI CITY,2001,37,64,5,67,0,98,0,271,26.1445,91.7362
ASSAM,HAILAKANDI,2001,24,34,2,27,0,28,0,115,24.45749609,92.59154665
ASSAM,JORHAT,2001,42,28,2,44,0,48,0,164,26.76244824,94.30197723
ASSAM,KAMRUP,2001,21,65,2,42,0,27,0,157,26.17093945,91.58863274
ASSAM,KARBI ANGLONG,2001,5,15,4,5,0,8,0,37,26.08966455,93.1153657
ASSAM,KARIMGANJ,2001,33,8,1,9,0,30,0,81,24.69660712,92.36794986
ASSAM,KOKRAJHAR,2001,14,12,0,37,0,20,0,83,26.49724664,90.13997471
ASSAM,LAKHIMPUR,2001,64,62,0,22,0,93,0,241,27.14128806,94.07759493
ASSAM,MORIGAON,2001,23,37,0,6,0,28,0,94,26.24650047,92.21949953
ASSAM,N.C.HILLS,2001,2,4,0,2,0,7,0,15,25.33829985,92.97740206
ASSAM,NAGAON,2001,51,109,1,113,4,132,0,410,26.26462171,92.93061911
ASSAM,NALBARI,2001,30,27,3,16,0,15,0,91,26.46323768,91.40598521
ASSAM,R.P.O.,2001,3,0,0,0,0,0,0,3,,
ASSAM,SIBSAGAR,2001,47,64,0,28,0,0,0,139,27.0276287,94.90025848
ASSAM,SONITPUR,2001,53,80,1,43,0,99,0,276,26.73514927,92.85197805
ASSAM,TINSUKIA,2001,41,48,2,9,0,21,0,121,27.53549291,95.69055949
BIHAR,ARARIA,2001,93,13,11,3,0,50,0,170,26.21152812,87.30766555
BIHAR,ARWAL,2001,0,0,7,11,0,14,0,32,25.1643,84.6688
BIHAR,AURANGABAD,2001,16,4,33,13,2,19,0,87,24.77429187,84.45986024
BIHAR,BAGAHA,2001,25,6,0,4,0,2,0,37,27.1222,84.0722
BIHAR,BANKA,2001,34,10,9,0,0,16,0,69,24.83235564,86.86649163
BIHAR,BEGUSARAI,2001,13,7,21,32,0,21,0,94,25.54302613,86.12560144
BIHAR,BETTIAH,2001,20,23,17,23,0,54,8,145,26.8028,84.517
BIHAR,BHABHUA,2001,10,12,8,7,0,22,0,59,25.0426,83.6056
BIHAR,BHAGALPUR,2001,35,9,20,15,0,52,0,131,25.27719289,87.04213814
BIHAR,BHOJPUR,2001,22,13,23,0,4,29,0,91,25.50666439,84.49407803
BIHAR,BUXAR,2001,8,1,15,0,0,0,0,24,25.48593019,84.08808082
BIHAR,DARBHANGA,2001,19,16,37,40,0,34,0,146,26.14618772,85.97387352
BIHAR,GAYA,2001,25,15,26,27,0,24,0,117,24.72665415,84.94291218
BIHAR,GOPALGANJ,2001,13,18,22,0,2,155,0,210,26.44874364,84.34636127
BIHAR,JAMALPUR RLY.,2001,1,0,0,1,0,1,0,3,25.3137,86.4906
BIHAR,JAMUI,2001,10,1,16,8,0,15,0,50,24.7841838,86.26316298
BIHAR,JEHANABAD,2001,6,5,25,0,0,4,0,40,25.15567905,84.92081245
BIHAR,KATIHAR,2001,51,20,6,6,0,29,0,112,25.56565356,87.70466084
BIHAR,KATIHAR RLY.,2001,0,1,0,2,0,0,0,3,25.548,87.5652
BIHAR,KHAGARIA,2001,5,6,11,6,0,2,0,30,25.53558891,86.56593256
BIHAR,KISHANGANJ,2001,22,16,4,2,1,39,0,84,26.32433676,87.95045007
BIHAR,LAKHISARAI,2001,10,7,6,12,0,5,0,40,25.18344932,86.12825701
BIHAR,MADHEPURA,2001,11,15,6,3,0,10,0,45,25.77341929,86.8978444
BIHAR,MADHUBANI,2001,13,11,12,41,0,18,0,95,26.41380538,86.1632836
BIHAR,MOTIHARI,2001,44,35,37,3,1,47,0,167,26.6438,84.904
BIHAR,MUNGER,2001,11,15,8,0,0,39,0,73,25.19853796,86.54173673
BIHAR,MUZAFFARPUR,2001,73,25,69,81,0,141,6,395,26.18664417,85.32745092
BIHAR,MUZAFFARPUR RLY.,2001,2,1,0,4,0,1,0,8,26.1219,8503791
BIHAR,NALANDA,2001,40,12,47,14,2,54,0,169,25.22934551,85.48053114
BIHAR,NAUGACHIA,2001,7,9,4,0,0,5,0,25,25.3873,87.098
BIHAR,NAWADAH,2001,15,1,17,7,0,13,1,54,24.8911,85.5355
BIHAR,PATNA,2001,27,11,90,47,0,152,39,366,25.40297115,85.31984336
BIHAR,PATNA RLY.,2001,1,1,0,9,0,0,0,11,25.6033,85.137
BIHAR,PURNEA,2001,39,23,8,5,0,22,0,97,25.81714802,87.40447607
BIHAR,ROHTAS,2001,25,18,36,21,0,59,0,159,24.99170461,83.93507627
BIHAR,SAHARSA,2001,12,10,7,9,0,12,0,50,25.8212707,86.5467082
BIHAR,SAMASTIPUR,2001,19,29,11,17,9,35,29,149,25.79320556,85.94833323
BIHAR,SARAN,2001,20,15,67,22,0,101,0,225,25.89656078,84.82266287
BIHAR,SHEIKHPURA,2001,3,1,9,0,0,32,0,45,25.12472437,85.77839391
BIHAR,SHEOHAR,2001,11,7,3,0,0,2,0,23,26.45838075,85.29539412
BIHAR,SITAMARHI,2001,23,20,13,1,0,21,0,78,26.5657007,85.61172491
BIHAR,SIWAN,2001,4,26,32,6,0,10,0,78,26.1736372,84.33766553
BIHAR,SUPAUL,2001,30,2,7,8,0,18,0,65,26.28157894,86.78496465
BIHAR,VAISHALI,2001,20,28,59,52,0,179,0,338,25.81347032,85.39247597
CHHATTISGARH,BALRAMPUR,2001,17,1,1,18,0,7,0,44,27.44907654,82.47158326
UTTAR PRADESH,BALRAMPUR,2001,8,19,12,23,11,30,0,103,27.44907654,82.47158326
CHHATTISGARH,BILASPUR,2001,69,20,7,180,10,94,0,380,22.35694298,81.99770351
HIMACHAL PRADESH,BILASPUR,2001,5,9,1,35,1,47,0,98,22.35694298,81.99770351
CHHATTISGARH,BIZAPUR,2001,4,0,0,1,0,0,0,5,18.7977,80.8129
CHHATTISGARH,DANTEWARA,2001,19,8,1,18,1,3,0,50,18.65385409,81.0720012
CHHATTISGARH,DHAMTARI,2001,22,4,1,41,5,6,0,79,20.55491263,81.75691955
CHHATTISGARH,DURG,2001,144,42,12,287,38,231,0,754,21.19446385,81.3318164
CHHATTISGARH,GRP RAIPUR,2001,0,0,0,4,0,1,0,5,21.2514,81.6296
CHHATTISGARH,JAGDALPUR,2001,59,4,3,49,2,14,0,131,19.0741,82.008
CHHATTISGARH,JANJGIR,2001,29,6,9,110,13,116,0,283,21.96109375,82.80495409
CHHATTISGARH,JASHPUR,2001,36,2,2,41,1,4,0,86,22.77286168,83.87039621
CHHATTISGARH,KANKER,2001,42,4,1,36,3,10,0,96,20.13946129,81.06913081
CHHATTISGARH,KAWARDHA,2001,35,0,1,45,4,15,0,100,22.04800079,81.16271188
CHHATTISGARH,KORBA,2001,46,13,1,90,7,31,0,188,22.4917125,82.57604327
CHHATTISGARH,KORIYA,2001,34,7,3,102,2,31,0,179,23.50412777,82.12515636
CHHATTISGARH,MAHASAMUND,2001,43,7,6,69,6,21,0,152,21.22372704,82.65925427
CHHATTISGARH,RAIGARH,2001,53,6,2,104,5,22,0,192,22.00826507,83.27797699
CHHATTISGARH,RAIPUR,2001,104,28,16,253,42,121,0,564,20.88603154,82.2003276
CHHATTISGARH,RAJNANDGAON,2001,58,3,3,92,12,51,0,219,21.05841473,80.78526694
CHHATTISGARH,SARGUJA,2001,145,16,1,223,10,62,0,457,23.32719279,83.23582494
GOA,NORTH GOA,2001,4,1,2,12,2,6,0,27,15.54872342,73.80667998
GOA,SOUTH GOA,2001,8,5,0,5,5,5,0,28,15.19527866,73.9417926
GUJARAT,AHMEDABAD COMMR.,2001,39,117,7,54,27,530,0,774,23.03386,72.5858
GUJARAT,AHMEDABAD RURAL,2001,5,27,0,26,0,84,0,142,23.0225,72.5715
GUJARAT,AHWA-DANG,2001,1,1,0,2,0,2,0,6,20.7584,73.6864
GUJARAT,AMRELI,2001,2,34,2,21,0,94,0,153,21.04832649,71.43457638
GUJARAT,ANAND,2001,3,28,0,27,3,210,0,271,22.28271821,72.57782052
GUJARAT,BHARUCH,2001,4,34,0,19,0,56,0,113,21.75787276,72.67326347
GUJARAT,BHAVNAGAR,2001,9,51,2,36,7,129,0,234,21.7021939,72.16272633
GUJARAT,DAHOD,2001,5,15,0,17,0,11,0,48,22.89799225,73.99170613
GUJARAT,GANDHINAGAR,2001,4,12,3,37,7,116,0,179,23.19367979,72.6722168
GUJARAT,HIMATNAGAR,2001,17,29,4,51,0,165,0,266,23.6036,72.9639
GUJARAT,JAMNAGAR,2001,20,22,2,18,2,163,0,227,22.41060041,69.62062006
GUJARAT,JUNAGADH,2001,14,39,11,44,8,384,0,500,20.72568199,70.8398564
GUJARAT,KHEDA NORTH,2001,11,30,0,43,0,122,0,206,22.88765313,73.01880352
GUJARAT,KUTCH,2001,2,22,2,25,1,176,0,228,23.7337,69.8597
GUJARAT,MEHSANA,2001,4,49,5,47,1,188,0,294,23.52935545,72.45545194
GUJARAT,NARMADA,2001,8,8,0,7,1,9,0,33,21.70666386,73.68403209
GUJARAT,NAVSARI,2001,2,5,0,6,0,17,0,30,20.86697332,72.8618487
GUJARAT,PALANPUR,2001,18,35,2,50,2,152,0,259,24.1741,72.4331
GUJARAT,PANCHMAHAL,2001,5,46,0,1,23,43,0,118,22.80435607,73.61984598
GUJARAT,PATAN,2001,3,21,0,23,0,78,0,125,23.80634198,71.75162977
GUJARAT,PORBANDAR,2001,6,5,0,10,0,64,0,85,21.55092352,69.71896988
GUJARAT,RAJKOT COMMR.,2001,5,38,3,19,12,199,0,276,,
GUJARAT,RAJKOT RURAL,2001,20,35,2,45,3,206,0,311,22.40603378,70.83679439
GUJARAT,SURAT COMMR.,2001,11,37,20,10,1,132,0,211,,
GUJARAT,SURAT RURAL,2001,26,16,0,11,0,34,0,87,21.25761373,72.93488716
GUJARAT,SURENDRANAGAR,2001,11,24,2,45,3,75,0,160,22.82672007,71.48358741
GUJARAT,VADODARA COMMR.,2001,3,32,0,11,10,90,0,146,,
GUJARAT,VADODARA RURAL,2001,18,34,0,34,0,81,0,167,22.26133739,73.4943301
GUJARAT,VALSAD,2001,9,11,0,10,0,50,0,80,20.44238232,72.91485848
GUJARAT,W.RLY,2001,1,0,0,7,0,7,0,15,,
HARYANA,AMBALA,2001,11,32,11,27,0,132,0,213,30.35036723,76.94970311
HARYANA,BHIWANI,2001,10,7,33,17,0,43,0,110,28.72886806,76.02110226
HARYANA,FARIDABAD,2001,37,53,19,47,242,108,0,506,28.1487311,77.32718537
HARYANA,FATEHABAD,2001,17,13,17,17,0,93,0,157,29.57298319,75.54608717
HARYANA,GRP,2001,0,2,5,1,26,0,0,34,,
HARYANA,GURGAON,2001,32,32,17,21,21,136,0,259,28.04389479,77.0193513
HARYANA,HISSAR,2001,10,18,24,33,0,117,0,202,29.23628731,75.84324683
HARYANA,JHAJJAR,2001,21,8,20,42,13,122,0,226,28.59651868,76.61137143
HARYANA,JIND,2001,21,8,11,22,29,67,0,158,29.45149822,76.29598576
HARYANA,KAITHAL,2001,16,8,9,19,0,105,0,157,29.96068539,76.3769893
HARYANA,KARNAL,2001,44,10,18,28,2,97,0,199,29.70320065,76.87488026
HARYANA,KURUKSHETRA,2001,31,14,10,28,8,68,0,159,30.0565266,76.7877468
HARYANA,MAHENDRAGARH,2001,11,8,8,19,0,23,0,69,28.13521615,76.14018073
HARYANA,PANCHKULA,2001,6,15,4,23,10,43,0,101,30.70089714,76.97173238
HARYANA,PANIPAT,2001,38,10,11,16,11,92,0,178,29.34352134,76.92895915
HARYANA,REWARI,2001,11,11,12,17,0,14,0,65,28.19164715,76.55956008
HARYANA,ROHTAK,2001,28,6,17,26,20,41,0,138,28.89251765,76.53123235
HARYANA,SIRSA,2001,17,7,12,23,0,98,0,157,29.63583446,74.9097048
HARYANA,SONIPAT,2001,15,12,18,22,14,51,0,132,29.05805708,76.8558708
HARYANA,YAMUNANAGAR,2001,22,23,9,30,5,63,0,152,30.26466183,77.31652822
HIMACHAL PRADESH,CHAMBA,2001,12,15,0,23,1,21,0,72,32.66741815,76.39354063
HIMACHAL PRADESH,HAMIRPUR,2001,3,3,1,17,2,33,0,59,31.67668481,76.49767089
UTTAR PRADESH,HAMIRPUR,2001,14,16,22,32,7,25,0,116,31.67668481,76.49767089
HIMACHAL PRADESH,KANGRA,2001,18,21,1,43,0,58,0,141,32.14093603,76.41205911
HIMACHAL PRADESH,KINNAUR,2001,6,3,0,4,0,2,0,15,31.60667184,78.51613736
HIMACHAL PRADESH,KULLU,2001,13,6,0,12,0,2,0,33,31.90911922,77.40922649
HIMACHAL PRADESH,LAHAUL-SPITI,2001,2,1,0,0,0,1,0,4,32.51717031,77.62470977
HIMACHAL PRADESH,MANDI,2001,16,10,0,59,4,56,0,145,31.63580594,76.96556931
HIMACHAL PRADESH,SHIMLA,2001,18,11,2,50,1,31,0,113,31.15572545,77.62573042
HIMACHAL PRADESH,SIRMAUR,2001,10,11,3,33,4,22,0,83,30.68276445,77.4318469
HIMACHAL PRADESH,SOLAN,2001,12,10,2,23,1,24,0,72,31.03864312,76.94442141
HIMACHAL PRADESH,UNA,2001,9,5,0,11,0,20,0,45,31.58330388,76.18353932
JAMMU & KASHMIR,ANANTNAG,2001,6,36,0,53,12,0,0,107,33.7297,75.1497
JAMMU & KASHMIR,AWANTIPORA,2001,1,13,0,8,2,0,0,24,33.9177,75.0177
JAMMU & KASHMIR,BARAMULLA,2001,28,59,0,93,14,0,0,194,34.2021,74.3482
JAMMU & KASHMIR,BORDER,2001,12,10,0,15,5,3,0,45,,
JAMMU & KASHMIR,BUDGAM,2001,7,34,0,35,9,0,0,85,33.93258113,74.79798113
JAMMU & KASHMIR,CRIME JAMMU,2001,0,0,0,0,0,0,0,0,,
JAMMU & KASHMIR,CRIME SRINAGAR,2001,0,0,0,0,0,0,0,0,,
JAMMU & KASHMIR,DODA,2001,7,15,0,6,2,1,0,31,33.35961468,76.0716372
JAMMU & KASHMIR,GANDERBAL,2001,5,31,0,30,4,0,0,70,34.216496,74.771942
JAMMU & KASHMIR,JAMMU,2001,13,43,5,40,94,26,0,221,32.7131991,74.84775204
JAMMU & KASHMIR,KARGIL,2001,0,1,0,1,0,0,0,2,33.56599489,76.63675315
JAMMU & KASHMIR,KATHUA,2001,13,10,3,14,4,1,0,45,32.51781678,75.58901399
JAMMU & KASHMIR,KULGAM,2001,6,31,0,7,11,0,0,55,33.6451329,75.0184944
JAMMU & KASHMIR,KUPWARA,2001,6,29,0,62,2,0,0,99,34.59923474,74.21587684
JAMMU & KASHMIR,LEH,2001,0,1,0,1,0,0,0,2,33.5857922,78.30725928
JAMMU & KASHMIR,POONCH,2001,13,10,0,4,6,2,0,35,33.79124129,74.29593161
JAMMU & KASHMIR,PULWAMA,2001,7,33,0,19,12,0,0,71,33.88414419,75.0092186
JAMMU & KASHMIR,RAILWAYS,2001,0,0,0,0,0,0,0,0,,
KARNATAKA,RAILWAYS,2001,1,0,1,0,0,0,0,2,,
KERALA,RAILWAYS,2001,1,0,0,0,0,0,0,1,,
JAMMU & KASHMIR,RAJOURI,2001,17,20,3,7,6,6,0,59,33.27232199,74.40776879
JAMMU & KASHMIR,RAMBAN,2001,3,3,0,3,2,0,0,11,33.2421,75.2336
JAMMU & KASHMIR,REASI,2001,7,9,0,5,4,0,0,25,33.0828,74.8333
JAMMU & KASHMIR,SRINAGAR,2001,8,102,0,207,88,2,0,407,34.27312899,75.11021159
JAMMU & KASHMIR,UDHAMPUR,2001,10,14,2,12,11,9,0,58,33.04770671,75.15286951
JHARKHAND,BOKARO,2001,26,32,25,24,2,45,0,154,23.6814965,85.98398374
JHARKHAND,CHAIBASA,2001,32,10,0,6,0,0,0,48,22.5474,85.8025
JHARKHAND,CHATRA,2001,6,3,7,0,0,6,0,22,24.11619946,84.93295805
JHARKHAND,DEOGHAR,2001,22,0,10,13,1,10,0,56,24.33070101,86.75697632
JHARKHAND,DHANBAD,2001,32,45,30,47,0,18,0,172,23.85450909,86.40372925
JHARKHAND,DHANBAD RLY.,2001,2,0,0,0,0,0,0,2,23.795399,86.42704
JHARKHAND,DUMKA,2001,27,0,3,20,0,23,0,73,24.27500613,87.2766245
JHARKHAND,GARHWA,2001,11,2,15,0,0,5,0,33,24.08211469,83.68664266
JHARKHAND,GIRIDIH,2001,42,10,30,13,0,57,0,152,24.3057851,86.08710916
JHARKHAND,GODDA,2001,37,26,1,0,0,0,0,64,24.8189,87.29417355
JHARKHAND,GUMLA,2001,29,11,0,2,0,10,1,53,23.07853295,84.55056787
JHARKHAND,HAZARIBAGH,2001,41,31,31,15,0,18,0,136,23.94324197,85.49441312
JHARKHAND,JAMSHEDPUR,2001,50,51,6,58,0,88,0,253,22.8046,86.2029
JHARKHAND,JAMSHEDPUR RLY.,2001,1,0,0,1,0,0,0,2,22.805618,86.20311
JHARKHAND,JAMTARA,2001,18,11,5,13,0,20,0,67,23.97873318,86.9532508
JHARKHAND,KODERMA,2001,2,2,11,8,1,29,0,53,24.55671943,85.71690919
JHARKHAND,LATEHAR,2001,12,2,6,0,0,0,0,20,23.72511186,84.48298743
JHARKHAND,LOHARDAGGA,2001,12,8,0,4,0,10,0,34,23.48879604,84.66051691
JHARKHAND,PAKUR,2001,23,0,7,0,0,18,0,48,24.57260428,87.69691969
JHARKHAND,PALAMU,2001,15,2,18,8,0,28,1,72,24.19692597,84.20310843
JHARKHAND,RANCHI,2001,73,1,4,24,1,78,0,181,23.18423506,85.31781937
JHARKHAND,SAHEBGANJ,2001,20,5,3,23,0,21,0,72,24.9366799,87.68264098
JHARKHAND,SARAIKELA,2001,17,15,4,18,0,0,0,54,22.85591392,85.89614919
JHARKHAND,SIMDEGA,2001,17,12,1,0,0,0,0,30,22.60876039,84.59193692
KARNATAKA,BAGALKOT,2001,2,7,1,39,0,50,0,99,16.15860676,75.64526071
KARNATAKA,BANGALORE COMMR.,2001,40,56,40,223,51,229,0,639,,
KARNATAKA,BANGALORE RURAL,2001,13,10,30,90,0,123,0,266,12.93682709,77.47369315
KARNATAKA,BELGAUM,2001,8,12,4,62,0,125,0,211,16.16107219,74.72329042
KARNATAKA,BELLARY,2001,16,11,5,82,0,49,0,163,15.07437755,76.47228471
KARNATAKA,BIDAR,2001,7,10,2,90,3,51,0,163,17.95036173,77.19459962
KARNATAKA,BIJAPUR,2001,6,19,1,65,0,92,0,183,16.84015317,75.95909167
KARNATAKA,CHAMARAJNAGAR,2001,4,5,7,43,0,15,0,74,11.95248,77.0238496
KARNATAKA,CHICKMAGALUR,2001,8,7,4,57,8,83,0,167,13.42528829,75.67626502
KARNATAKA,CHITRADURGA,2001,18,0,2,48,0,35,0,103,14.2910222,76.57821957
KARNATAKA,DAKSHIN KANNADA,2001,3,6,1,24,0,25,0,59,12.89120455,74.96216278
KARNATAKA,DAVANAGERE,2001,22,13,8,84,5,77,0,209,14.33041459,75.91723841
KARNATAKA,DHARWAD COMMR.,2001,4,4,2,3,0,24,0,37,,
KARNATAKA,DHARWAD RURAL,2001,3,2,3,8,0,8,0,24,15.34383138,75.13831264
KARNATAKA,GADAG,2001,2,2,3,10,0,18,0,35,15.50712826,75.64861303
KARNATAKA,GULBARGA,2001,20,21,6,143,1,104,0,295,17.07045952,76.8750385
KARNATAKA,HASSAN,2001,20,0,4,75,1,68,0,168,12.94509875,76.1104955
KARNATAKA,HAVERI,2001,3,11,5,42,0,32,0,93,14.73758281,75.39612306
KARNATAKA,K.G.F.,2001,1,7,4,12,0,20,0,44,,
KARNATAKA,KODAGU,2001,4,4,4,22,0,14,0,48,12.39684468,75.79336596
KARNATAKA,KOLAR,2001,17,18,18,42,0,39,0,134,13.31279988,78.01376948
KARNATAKA,KOPPAL,2001,6,12,5,40,1,23,0,87,15.65125327,76.16170486
KARNATAKA,MANDYA,2001,15,1,7,50,0,72,0,145,12.57490181,76.81570099
KARNATAKA,MYSORE COMMR.,2001,2,7,9,8,1,48,0,75,,
KARNATAKA,MYSORE RURAL,2001,12,4,6,79,2,51,0,154,12.24810026,76.52881803
KARNATAKA,RAICHUR,2001,12,5,1,63,4,52,0,137,16.05079535,76.87368606
KARNATAKA,SHIMOGA,2001,12,10,6,65,0,134,0,227,14.06384589,75.17882078
KARNATAKA,TUMKUR,2001,6,4,28,53,0,44,0,135,13.59246776,77.02297966
KARNATAKA,UDUPI,2001,2,0,0,16,2,16,0,36,13.45040423,74.7200999
KARNATAKA,UTTAR KANNADA,2001,4,3,3,27,2,34,0,73,14.53895798,74.35229081
KERALA,ALAPUZHA,2001,21,6,1,162,2,105,0,297,9.542602966,76.38010796
KERALA,CBCID,2001,2,0,0,0,0,4,0,6,,
KERALA,ERNAKULAM,2001,38,7,3,162,3,161,0,374,10.0048793,76.26957729
KERALA,IDUKKI,2001,34,0,0,145,16,127,0,322,9.804809639,77.04586642
KERALA,KANNUR,2001,42,7,0,77,7,157,0,290,11.94152308,75.35209892
KERALA,KASARGOD,2001,28,1,0,0,0,66,0,95,12.3331031,75.07768497
KERALA,KOLLAM,2001,55,9,3,235,0,315,0,617,8.929388821,76.63607759
KERALA,KOTTAYAM,2001,22,12,2,125,8,82,0,251,9.643701174,76.46059673
KERALA,KOZHIKODE,2001,39,10,2,118,8,319,0,496,11.39292427,75.7115872
KERALA,MALAPPURAM,2001,71,4,3,92,3,448,0,621,10.97329876,75.93910776
KERALA,PALAKKAD,2001,63,10,5,112,10,215,0,415,10.7849269,76.49980491
KERALA,PATHANAMTHITTA,2001,12,0,0,90,3,95,0,200,9.291312393,76.86412329
KERALA,THRISSUR,2001,42,9,2,223,16,198,0,490,10.45893265,76.12321941
KERALA,TRIVANDRUM,2001,57,21,6,345,2,210,0,641,,
KERALA,WAYANADU,2001,35,1,0,56,3,59,0,154,11.71527746,76.07587007
MADHYA PRADESH,BALAGHAT,2001,87,11,3,157,12,72,0,342,21.80020721,80.42170053
MADHYA PRADESH,BARWANI,2001,34,2,5,81,9,18,0,149,21.70213571,74.9100472
MADHYA PRADESH,BETUL,2001,95,16,7,135,4,71,0,328,21.96462632,77.78734282
MADHYA PRADESH,BHIND,2001,31,20,34,80,2,54,0,221,26.35951126,78.76183243
MADHYA PRADESH,BHOPAL,2001,106,48,15,252,56,132,0,609,23.48072614,77.39246623
MADHYA PRADESH,BHOPAL RLY.,2001,1,2,0,10,3,0,0,16,23.269,77.4158
MADHYA PRADESH,CHHATARPUR,2001,65,23,20,193,10,46,0,357,24.81363738,79.56449299
MADHYA PRADESH,CHHINDWARA,2001,93,16,10,203,32,109,0,463,22.22796697,78.76413136
MADHYA PRADESH,DAMOH,2001,66,10,28,189,0,58,0,351,23.76624408,79.47049303
MADHYA PRADESH,DATIYA,2001,12,8,8,57,0,18,0,103,25.9022644,78.63916571
MADHYA PRADESH,DEWAS,2001,78,11,15,279,80,96,0,559,22.785111,76.46088806
MADHYA PRADESH,DHAR,2001,68,18,41,168,21,88,0,404,22.57268172,75.11056207
MADHYA PRADESH,DINDORI,2001,20,2,0,53,6,4,0,85,22.83738437,81.04332967
MADHYA PRADESH,GUNA,2001,124,15,7,317,22,95,0,580,24.49043927,77.2235896
MADHYA PRADESH,GWALIOR,2001,59,22,20,139,8,49,0,297,26.04074442,78.12782433
MADHYA PRADESH,HARDA,2001,28,2,9,35,0,27,0,101,22.22765978,77.07022572
MADHYA PRADESH,HOSHANGABAD,2001,65,13,9,109,6,31,0,233,22.5952688,78.02168095
MADHYA PRADESH,INDORE,2001,84,35,25,215,63,161,0,583,22.68026575,75.91338013
MADHYA PRADESH,INDORE RLY.,2001,2,0,0,5,1,0,0,8,22.7172,75.8683
MADHYA PRADESH,JABALPUR,2001,108,20,28,264,50,81,0,551,23.18525572,79.98328755
MADHYA PRADESH,JABALPUR RLY.,2001,0,0,1,4,0,0,0,5,23.1655,79.9506
MADHYA PRADESH,JHABUA,2001,44,80,5,127,4,24,0,284,22.41957802,74.40921617
MADHYA PRADESH,KATNI,2001,25,3,11,106,12,59,0,216,23.72441623,80.33819666
MADHYA PRADESH,KHANDWA,2001,63,12,11,184,15,49,0,334,21.8257,76.3526
MADHYA PRADESH,KHARGON,2001,47,14,5,164,29,21,0,280,21.9029,75.8069
MADHYA PRADESH,MANDLA,2001,64,9,4,151,19,46,0,293,22.70348712,80.38600544
MADHYA PRADESH,MANDSAUR,2001,41,8,4,102,11,30,0,196,24.19278764,75.43588668
MADHYA PRADESH,MORENA,2001,35,18,29,77,2,34,0,195,26.37313505,77.88447341
MADHYA PRADESH,NARSINGHPUR,2001,70,4,22,156,16,40,0,308,22.95134468,79.00202423
MADHYA PRADESH,NEEMUCH,2001,37,7,1,83,18,62,0,208,24.70311893,75.06608187
MADHYA PRADESH,PANNA,2001,44,10,19,104,2,31,0,210,24.45132584,80.21133001
MADHYA PRADESH,RAISEN,2001,79,9,20,194,31,50,0,383,23.29251821,78.16305496
MADHYA PRADESH,RAJGARH,2001,95,9,7,196,26,49,0,382,23.78549903,76.66431224
MADHYA PRADESH,RATLAM,2001,70,13,4,125,28,53,0,293,23.50356229,75.14895782
MADHYA PRADESH,REWA,2001,31,18,18,105,2,56,0,230,24.86118463,81.57572465
MADHYA PRADESH,SAGAR,2001,141,16,29,509,0,142,0,837,23.80031871,78.71940358
MADHYA PRADESH,SATNA,2001,58,5,19,157,6,65,0,310,24.62777622,80.75547049
MADHYA PRADESH,SEONI,2001,52,2,10,106,23,25,0,218,22.33230488,79.66053864
MADHYA PRADESH,SHAHDOL,2001,63,13,9,216,3,87,0,391,23.44859865,81.45968318
MADHYA PRADESH,SHAJAPUR,2001,90,8,8,153,36,65,0,360,23.56662032,76.33555181
MADHYA PRADESH,SHEOPUR,2001,21,3,6,52,0,14,0,96,25.78014811,77.16911117
MADHYA PRADESH,SHIVPURI,2001,72,11,14,172,2,26,0,297,25.37802452,77.74861601
MADHYA PRADESH,SIDHI,2001,42,30,27,105,2,66,0,272,24.1754719,82.10537834
MADHYA PRADESH,SIHORE,2001,59,27,5,130,17,45,0,283,22.92971997,77.06780203
MADHYA PRADESH,TIKAMGARH,2001,86,4,15,177,2,27,0,311,25.14099852,78.89357065
MADHYA PRADESH,UJJAIN,2001,59,33,7,161,33,109,0,402,23.31928886,75.80383718
MADHYA PRADESH,UMARIYA,2001,25,2,2,61,5,21,0,116,23.59601063,80.90879477
MADHYA PRADESH,VIDISHA,2001,112,6,13,245,22,56,0,454,23.82838308,77.90135076
MAHARASHTRA,AHMEDNAGAR,2001,44,25,0,74,2,496,0,641,19.21759903,74.69220261
MAHARASHTRA,AKOLA,2001,15,14,2,109,7,189,0,336,20.74631048,77.1212232
MAHARASHTRA,AMRAVATI COMMR.,2001,23,23,10,43,26,55,0,180,,
MAHARASHTRA,AMRAVATI RURAL,2001,42,25,4,99,38,92,0,300,21.16520992,77.67583503
MAHARASHTRA,AURANGABAD COMMR.,2001,14,14,4,33,12,102,0,179,,
MAHARASHTRA,AURANGABAD RURAL,2001,28,6,6,53,12,247,0,352,19.8762,75.3433
MAHARASHTRA,BEED,2001,22,15,2,78,15,177,0,309,18.95235334,75.69319706
MAHARASHTRA,BHANDARA,2001,39,1,5,71,37,60,0,213,21.21179265,80.109502
MAHARASHTRA,BULDHANA,2001,22,18,35,118,21,223,0,437,20.56680611,76.3901788
MAHARASHTRA,CHANDRAPUR,2001,43,7,2,102,28,144,0,326,20.09560909,79.3155638
MAHARASHTRA,DHULE,2001,16,6,6,17,8,127,0,180,21.27401869,74.58719072
MAHARASHTRA,GADCHIROLI,2001,27,6,0,55,17,57,0,162,19.7955461,80.30965564
MAHARASHTRA,GONDIA,2001,23,17,4,85,22,80,0,231,21.22500841,80.17522699
MAHARASHTRA,HINGOLI,2001,20,8,2,44,4,134,0,212,19.59525302,77.09239413
MAHARASHTRA,JALGAON,2001,19,12,5,76,31,389,0,532,20.88289434,75.55140422
MAHARASHTRA,JALNA,2001,16,8,5,56,7,172,0,264,19.98461253,75.98473607
MAHARASHTRA,KOLHAPUR,2001,26,13,19,46,7,80,0,191,16.44881302,74.12897151
MAHARASHTRA,LATUR,2001,7,22,38,50,7,150,0,274,18.34868727,76.75812608
MAHARASHTRA,MUMBAI,2001,127,12,18,274,44,198,0,673,19.076,72.8777
MAHARASHTRA,MUMBAI RLY.,2001,2,0,0,5,0,0,0,7,18.9728,72.8206
MAHARASHTRA,NAGPUR COMMR.,2001,39,51,7,75,56,218,0,446,,
MAHARASHTRA,NAGPUR RLY.,2001,2,0,2,4,0,0,0,8,21.1523,79.0882
MAHARASHTRA,NAGPUR RURAL,2001,81,16,3,131,294,141,0,666,21.1579,79.0726
MAHARASHTRA,NANDED,2001,23,36,21,85,22,202,0,389,19.20931698,77.6829049
MAHARASHTRA,NANDURBAR,2001,16,6,2,27,1,78,0,130,21.52317563,74.32638757
MAHARASHTRA,NASIK COMMR.,2001,9,9,3,19,2,99,0,141,,
MAHARASHTRA,NASIK RURAL,2001,39,10,7,74,37,339,0,506,19.997454,73.789803
MAHARASHTRA,NAVI MUMBAI,2001,17,7,5,23,5,57,0,114,19.033,73.0297
MAHARASHTRA,OSMANABAD,2001,16,7,2,52,6,102,0,185,18.19459456,75.99495575
MAHARASHTRA,PARBHANI,2001,25,16,1,57,10,120,0,229,19.31032425,76.70163339
MAHARASHTRA,PUNE COMMR.,2001,56,28,2,54,105,147,1,393,,
MAHARASHTRA,PUNE RLY.,2001,0,0,0,3,0,0,0,3,18.5286,73.8746
MAHARASHTRA,PUNE RURAL,2001,42,17,5,64,11,165,0,304,18.516726,73.856255
MAHARASHTRA,RAIGAD,2001,20,1,1,29,7,55,0,113,18.5158,73.1822
MAHARASHTRA,RATNAGIRI,2001,10,4,0,32,19,62,0,127,17.21019507,73.25725894
MAHARASHTRA,SANGLI,2001,32,8,12,54,22,96,0,224,17.15493018,74.70713823
MAHARASHTRA,SATARA,2001,32,7,13,49,9,179,0,289,17.6737909,74.18052064
MAHARASHTRA,SINDHUDURG,2001,7,2,0,20,13,8,0,50,16.17094805,73.51329008
MAHARASHTRA,SOLAPUR COMMR.,2001,16,11,6,15,4,62,0,114,,
MAHARASHTRA,SOLAPUR RURAL,2001,35,14,6,40,12,90,0,197,17.65992,75.906387
MAHARASHTRA,THANE COMMR.,2001,39,37,6,69,43,212,0,406,,
MAHARASHTRA,THANE RURAL,2001,65,16,6,76,25,104,0,292,19.2183,72.9781
MAHARASHTRA,WARDHA,2001,35,12,9,98,35,89,0,278,20.80743024,78.57259106
MAHARASHTRA,WASHIM,2001,15,13,10,60,10,116,0,224,20.28228239,77.25502394
MAHARASHTRA,YAVATMAL,2001,56,31,12,125,27,177,0,428,20.04258347,78.05326372
MANIPUR,BISHNUPUR,2001,1,3,0,0,0,1,0,5,24.50712112,93.8246236
MANIPUR,CHANDEL,2001,0,1,0,0,0,0,0,1,24.2635813,94.09443844
MANIPUR,CHURACHANDPUR,2001,1,0,0,0,0,0,0,1,24.30309719,93.38671506
MANIPUR,IMPHAL(EAST),2001,7,6,0,2,0,1,0,16,24.82105807,93.66951205
MANIPUR,IMPHAL(WEST),2001,7,37,0,17,0,3,0,64,24.79400559,93.8885905
MANIPUR,SENAPATI,2001,0,0,0,0,0,0,0,0,25.08465586,94.03366234
MANIPUR,TAMENGLONG,2001,0,0,0,0,0,0,0,0,24.98312942,93.4945074
MANIPUR,THOUBAL,2001,4,14,0,1,0,0,0,19,24.54539255,93.97959894
MANIPUR,UKHRUL,2001,0,1,0,1,0,0,0,2,25.05900315,94.44129567
MEGHALAYA,GARO HILLS EAST,2001,2,0,0,2,0,0,0,4,25.82728228,90.64684925
MEGHALAYA,GARO HILLS SOUTH,2001,1,0,0,0,0,1,0,2,25.24056858,90.64560349
MEGHALAYA,GARO HILLS WEST,2001,5,0,0,8,0,0,0,13,25.49528519,90.03709947
MEGHALAYA,JAINTIA HILLS,2001,7,4,0,3,0,0,0,14,25.33959557,92.3760816
MEGHALAYA,KHASI HILLS EAST,2001,5,5,0,8,0,3,0,21,25.30376389,91.7592252
MEGHALAYA,KHASI HILLS WEST,2001,4,0,0,2,0,0,0,6,25.50088993,91.25364542
MEGHALAYA,RI-BHOI,2001,2,2,0,2,0,0,0,6,25.897066,91.84516159
MIZORAM,AIZAWL,2001,26,0,0,13,0,1,0,40,23.90781335,92.85359459
MIZORAM,CHAMPHAI,2001,7,0,0,7,0,0,0,14,23.54166581,93.24221799
MIZORAM,KOLASIB,2001,6,0,0,15,0,0,0,21,24.20200043,92.73470391
MIZORAM,LAWNGTLAI,2001,2,0,0,0,0,0,0,2,22.36102843,92.66964157
MIZORAM,LUNGLEI,2001,3,0,0,11,0,0,0,14,23.00771704,92.63512555
MIZORAM,MAMIT,2001,0,0,0,0,0,15,2,17,23.73852943,92.43308038
MIZORAM,SAIHA,2001,3,0,0,6,0,0,0,9,22.35744801,93.02827931
MIZORAM,SERCHHIP,2001,5,1,0,0,0,0,1,7,23.26386471,92.9141585
NAGALAND,DIMAPUR,2001,4,4,0,0,0,0,0,8,25.81417681,93.75074058
NAGALAND,KIPHIRE,2001,0,0,0,0,0,0,0,0,25.8188,94.8521
NAGALAND,KOHIMA,2001,6,0,0,6,0,0,0,12,25.60311429,93.78600658
NAGALAND,MOKOKCHUNG,2001,1,0,0,0,0,0,0,1,26.47891176,94.52242601
NAGALAND,MON,2001,2,2,0,0,0,0,0,4,26.69207374,95.03072989
NAGALAND,PEREN,2001,0,0,0,0,0,0,0,0,25.5225,93.6623
NAGALAND,PHEK,2001,1,0,0,0,0,0,0,1,25.63272987,94.56814564
NAGALAND,TUENSANG,2001,0,0,0,0,0,0,0,0,26.21104453,94.85809881
NAGALAND,WOKHA,2001,1,0,0,0,0,0,0,1,26.20261155,94.19908152
NAGALAND,ZUNHEBOTO,2001,2,0,0,0,0,0,0,2,26.02817821,94.50026667
ODISHA,ANGUL,2001,33,5,8,90,0,53,0,189,21.1207062,84.99839213
ODISHA,BALASORE,2001,58,32,36,92,9,68,0,295,21.48570932,87.08085828
ODISHA,BARAGARH,2001,19,8,0,41,2,30,0,100,21.13240638,83.264445
ODISHA,BERHAMPUR,2001,10,10,4,41,6,29,0,100,19.315,84.7941
ODISHA,BHADRAK,2001,35,18,23,29,5,79,0,189,20.95262735,86.81496205
ODISHA,BOLANGIR,2001,19,16,4,91,11,61,0,202,20.6163003,83.2152006
ODISHA,BOUDH,2001,6,5,1,21,3,6,0,42,20.58319074,84.12363307
ODISHA,CUTTACK,2001,34,33,39,42,1,125,0,274,20.40764065,85.77768102
ODISHA,DEOGARH,2001,8,4,2,33,0,8,0,55,21.43146202,84.81452481
ODISHA,DHENKANAL,2001,15,7,14,82,5,31,0,154,20.79887159,85.53226836
ODISHA,GAJAPATI,2001,10,3,1,13,2,7,0,36,19.12108088,84.14015092
ODISHA,GANJAM,2001,22,10,1,102,6,9,0,150,19.26326176,84.8029771
ODISHA,JAGATSINGHPUR,2001,12,16,16,13,2,30,0,89,20.11444318,86.43265259
ODISHA,JAJPUR,2001,24,14,16,16,3,42,0,115,20.85324909,86.15277301
ODISHA,JHARSUGUDA,2001,12,5,4,39,1,13,0,74,21.82705857,83.93581682
ODISHA,KALAHANDI,2001,30,17,0,22,5,9,0,83,19.78425309,83.11240438
ODISHA,KANDHAMAL,2001,34,25,4,95,15,29,0,202,20.09287862,84.02216353
ODISHA,KENDRAPARA,2001,11,15,24,66,176,57,0,349,20.60631982,86.83763248
ODISHA,KEONJHAR,2001,38,19,4,127,16,41,0,245,21.4922574,85.76276987
ODISHA,KHURDA,2001,65,32,11,28,9,171,0,316,20.05416232,85.52234834
ODISHA,KORAPUT,2001,38,13,7,56,124,132,0,370,18.82627795,82.8127847
ODISHA,MALKANGIR,2001,14,5,0,27,0,12,0,58,18.2522793,81.98293636
ODISHA,MAYURBHANJ,2001,77,31,19,141,0,74,0,342,21.89762155,86.40304081
ODISHA,NAYAGARH,2001,17,18,14,11,3,9,0,72,20.19289562,85.056147
ODISHA,NOWRANGPUR,2001,13,3,0,41,7,13,0,77,19.51304717,82.4204196
ODISHA,NUAPADA,2001,9,2,0,16,5,17,0,49,20.47130951,82.59152537
ODISHA,PURI,2001,41,24,29,13,0,32,0,139,19.83509175,85.8669899
ODISHA,RAYAGADA,2001,9,0,1,33,2,26,0,71,19.29284002,83.4586012
ODISHA,ROURKELA,2001,12,6,2,35,13,17,0,85,22.2604,84.8536
ODISHA,SAMBALPUR,2001,18,9,0,82,9,18,0,136,21.51575238,84.34958483
ODISHA,SONEPUR,2001,8,4,6,28,4,11,0,61,20.89080329,83.76852635
ODISHA,SRP(CUTTACK),2001,1,3,0,5,4,0,0,13,,
ODISHA,SRP(ROURKELA),2001,2,3,0,2,0,0,0,7,,
ODISHA,SUNDARGARH,2001,36,19,4,82,10,7,0,158,22.06354819,84.50524819
PUNJAB,AMRITSAR,2001,9,26,7,9,0,77,0,128,31.54867982,74.79883857
PUNJAB,BARNALA,2001,12,13,6,13,0,24,0,68,30.3819,75.5468
PUNJAB,BATALA,2001,8,4,6,1,0,19,0,38,31.8183,75.2071
PUNJAB,BHATINDA,2001,13,9,4,15,0,57,0,98,30.211,74.9455
PUNJAB,FARIDKOT,2001,6,7,4,11,0,20,0,48,30.59118725,74.79751554
PUNJAB,FATEHGARH SAHIB,2001,11,6,4,4,1,7,0,33,30.64290947,76.36208395
PUNJAB,FEROZEPUR,2001,22,7,11,17,0,22,0,79,30.9331,74.6225
PUNJAB,G.R.P,2001,0,0,3,1,0,0,0,4,,
PUNJAB,GURDASPUR,2001,12,14,6,4,0,21,0,57,32.04283371,75.32040644
PUNJAB,HOSHIARPUR,2001,19,13,12,13,0,46,0,103,31.5515717,75.84698574
PUNJAB,JAGRAON,2001,19,11,7,3,2,27,0,69,30.7916,75.4694
PUNJAB,JALANDHAR,2001,21,49,17,16,2,104,0,209,31.25033691,75.54400351
PUNJAB,KAPURTHALA,2001,8,9,2,20,0,34,0,73,31.33659264,75.47641166
PUNJAB,KHANNA,2001,6,1,4,0,0,15,0,26,30.7071,76.217
PUNJAB,LUDHIANA,2001,38,46,11,46,13,249,0,403,30.76596397,75.83110852
PUNJAB,MAJITHA,2001,9,6,9,8,0,20,0,52,31.7574,74.953
PUNJAB,MANSA,2001,6,4,2,3,0,3,0,18,29.91954771,75.43049229
PUNJAB,MOGA,2001,11,9,6,8,2,25,0,61,30.75654007,75.16008451
PUNJAB,MUKTSAR,2001,3,2,1,2,0,16,0,24,30.31243303,74.55187477
PUNJAB,NAWAN SHAHR,2001,11,8,4,8,0,14,0,45,31.1243,76.1156
PUNJAB,PATIALA,2001,23,46,10,128,19,232,0,458,30.21454038,76.27505894
PUNJAB,ROPAR,2001,6,6,5,13,4,33,0,67,30.9659,76.523
PUNJAB,SANGRUR,2001,15,18,10,18,4,36,0,101,30.1850452,75.89437014
PUNJAB,TARN TARAN,2001,10,10,8,11,0,27,0,66,31.4539,74.9268
RAJASTHAN,AJMER,2001,16,125,12,95,0,236,0,484,26.19930038,74.69904192
RAJASTHAN,ALWAR,2001,34,87,43,124,0,235,0,523,27.55271738,76.65359631
RAJASTHAN,BANSWARA,2001,90,59,10,112,1,151,0,423,23.45364203,74.44246868
RAJASTHAN,BARAN,2001,81,94,3,219,5,124,0,526,24.98023243,76.86210652
RAJASTHAN,BARMER,2001,13,14,13,71,0,45,0,156,25.77070908,71.50297126
RAJASTHAN,BHARATPUR,2001,48,103,24,77,0,209,0,461,27.32411858,77.21752077
RAJASTHAN,BHILWARA,2001,42,223,5,126,3,312,0,711,25.45119768,74.63947596
RAJASTHAN,BIKANER,2001,35,34,13,53,0,153,0,288,28.12489068,73.26943323
RAJASTHAN,BUNDI,2001,36,103,2,164,6,157,0,468,25.48580716,75.79984074
RAJASTHAN,CHITTORGARH,2001,67,169,7,112,5,384,0,744,24.63162376,74.80010998
RAJASTHAN,CHURU,2001,24,14,8,73,3,174,0,296,28.29330376,74.65846427
RAJASTHAN,DAUSA,2001,9,26,8,31,0,60,0,134,26.91234818,76.57342097
RAJASTHAN,DHOLPUR,2001,24,33,21,34,0,93,0,205,26.72397055,77.7447622
RAJASTHAN,DUNGARPUR,2001,17,50,3,56,0,60,0,186,23.75104808,73.84765641
RAJASTHAN,GANGANAGAR,2001,55,65,13,118,2,375,0,628,29.25678541,73.56192303
RAJASTHAN,HANUMANGARH,2001,35,22,20,98,0,241,0,416,29.18133518,74.74632573
RAJASTHAN,JAIPUR,2001,61,203,29,179,1,453,0,926,27.03345929,75.77117286
RAJASTHAN,JAISALMER,2001,2,7,3,21,0,16,0,49,26.86900839,71.18371877
RAJASTHAN,JALORE,2001,10,20,12,61,0,96,0,199,25.07578094,72.18647262
RAJASTHAN,JHALAWAR,2001,65,57,8,144,10,224,0,508,24.24725541,76.11242892
RAJASTHAN,JHUNJHUNU,2001,19,25,0,50,0,125,0,219,28.13517401,75.52840894
RAJASTHAN,JODHPUR,2001,20,53,12,128,3,263,1,480,26.67846084,73.00450847
RAJASTHAN,KARAULI,2001,21,50,10,37,0,66,0,184,26.51901556,76.96081818
RAJASTHAN,KOTA,2001,50,116,17,203,6,319,0,711,25.17571808,76.18618928
RAJASTHAN,NAGAUR,2001,22,34,14,65,0,102,0,237,27.07862016,74.14215667
RAJASTHAN,PALI,2001,25,61,15,115,2,196,0,414,25.80490394,73.55285641
RAJASTHAN,RAJSAMAND,2001,13,63,6,40,1,104,0,227,25.24894767,73.96570216
RAJASTHAN,SAWAI MADHOPUR,2001,19,42,6,49,0,97,0,213,26.25108118,76.42192839
RAJASTHAN,SIKAR,2001,13,22,15,28,0,114,0,192,27.64644059,75.29317423
RAJASTHAN,SIROHI,2001,22,19,8,29,0,79,0,157,24.79769053,72.75309132
RAJASTHAN,TONK,2001,17,50,7,84,6,142,0,306,26.15393507,75.79192216
RAJASTHAN,UDAIPUR,2001,43,118,9,68,2,127,0,367,24.44076752,73.8402984
SIKKIM,EAST,2001,7,1,0,0,8,0,0,16,27.29600353,88.74908392
DELHI,EAST,2001,24,39,11,56,11,27,0,168,27.29600353,88.74908392
SIKKIM,NORTH,2001,0,0,0,0,0,0,0,0,27.81381005,88.54200565
TRIPURA,NORTH,2001,29,11,3,16,0,60,0,119,27.81381005,88.54200565
DELHI,NORTH,2001,28,53,4,26,6,9,0,126,27.81381005,88.54200565
SIKKIM,SOUTH,2001,1,0,0,0,4,0,0,5,27.27802162,88.37538595
TRIPURA,SOUTH,2001,29,7,5,18,0,59,0,118,27.27802162,88.37538595
DELHI,SOUTH,2001,65,170,15,96,24,22,0,392,27.27802162,88.37538595
SIKKIM,WEST,2001,0,1,0,0,2,0,0,3,27.3032,88.2072
TRIPURA,WEST,2001,33,17,6,20,0,97,0,173,27.3032,88.2072
DELHI,WEST,2001,45,99,18,65,2,22,0,251,27.3032,88.2072
TAMIL NADU,ARIYALUR,2001,6,14,3,38,4,8,0,73,11.19051484,79.22249644
TAMIL NADU,CHENGAI,2001,20,8,16,58,8,57,0,167,12.69,79.9812
TAMIL NADU,CHENNAI,2001,28,0,13,70,209,111,0,431,13.05809891,80.28139152
TAMIL NADU,CHENNAI RLY.,2001,0,0,0,5,0,2,0,7,13.0624,80.2585
TAMIL NADU,COIMBATORE RURAL,2001,18,27,16,75,25,49,0,210,11.004556,76.961632
TAMIL NADU,COIMBATORE URBAN,2001,4,10,5,19,38,28,0,104,11.004556,76.961632
TAMIL NADU,CUDDALORE,2001,16,2,9,137,50,21,0,235,11.57587301,79.63002365
TAMIL NADU,DHARMAPURI,2001,17,30,6,65,8,18,0,144,12.3001412,78.11509813
TAMIL NADU,DINDIGUL,2001,14,35,8,48,11,8,5,129,10.37780139,77.7801128
TAMIL NADU,ERODE,2001,9,14,4,72,16,25,0,140,11.26701216,77.42034335
TAMIL NADU,KANCHIPURAM,2001,21,9,6,30,9,12,9,96,12.49642476,80.0882036
TAMIL NADU,KANYAKUMARI,2001,6,9,5,27,170,29,0,246,8.1834663,77.32053064
TAMIL NADU,KARUR,2001,4,8,2,21,2,14,0,51,10.79532777,78.08749687
TAMIL NADU,MADURAI RURAL,2001,13,23,5,52,8,69,0,170,9.904313833,78.01366033
TAMIL NADU,MADURAI URBAN,2001,2,18,12,20,52,24,0,128,9.939093,78.121719
TAMIL NADU,NAGAPATTINAM,2001,12,25,4,55,13,8,0,117,10.78946816,79.79437299
TAMIL NADU,NAMAKKAL,2001,7,16,4,39,13,18,0,97,11.33766638,78.14624841
TAMIL NADU,NILGIRIS,2001,8,5,2,6,5,16,0,42,11.44236166,76.66146422
TAMIL NADU,PERAMBALUR,2001,3,11,0,18,0,12,0,44,11.26013776,78.86034012
TAMIL NADU,PUDUKOTTAI,2001,5,24,2,32,4,25,0,92,10.13051482,79.05444484
TAMIL NADU,RAMNATHAPURAM,2001,13,17,4,59,12,16,0,121,9.312869952,78.99185362
TAMIL NADU,SALEM RURAL,2001,8,29,8,53,7,7,0,112,11.6293242,78.2478258
TAMIL NADU,SALEM URBAN,2001,2,10,3,7,13,11,0,46,11.6376,78.1507
TAMIL NADU,SIVAGANGAI,2001,5,10,4,17,2,9,0,47,9.960306581,78.56535729
TAMIL NADU,THANJAVUR,2001,0,34,0,53,46,31,0,164,10.38769226,79.31948691
TAMIL NADU,THENI,2001,4,7,4,29,8,9,0,61,9.924066667,77.43458833
TAMIL NADU,THIRUNELVELI RURAL,2001,57,53,3,155,62,13,0,343,8.457430704,77.70549636
TAMIL NADU,THIRUNELVELI URBAN,2001,3,10,0,2,21,6,0,42,8.741222,77.694626
TAMIL NADU,THIRUVALLUR,2001,16,11,6,70,17,16,0,136,13.2758581,80.19724703
TAMIL NADU,THIRUVANNAMALAI,2001,5,33,1,53,9,18,0,119,12.41931895,79.23265632
TAMIL NADU,THIRUVARUR,2001,7,26,4,50,18,2,0,107,10.36892741,79.60322894
TAMIL NADU,THOOTHUGUDI,2001,12,0,1,94,47,36,0,190,8.72096117,78.13832691
TAMIL NADU,TRICHY RLY.,2001,0,0,0,0,3,0,0,3,10.805Â ,78.6852
TAMIL NADU,TRICHY RURAL,2001,6,17,3,22,5,2,0,55,,
TAMIL NADU,TRICHY URBAN,2001,5,6,4,9,51,18,0,93,,
TAMIL NADU,VELLORE,2001,13,0,8,54,16,5,0,96,12.78488263,79.02643284
TAMIL NADU,VILLUPURAM,2001,37,37,14,78,20,42,0,228,12.06557135,79.68989101
TAMIL NADU,VIRUDHUNAGAR,2001,17,19,2,81,10,20,0,149,9.468872196,77.87641469
TRIPURA,DHALAI,2001,11,0,2,4,0,11,0,28,23.78136048,91.94654283
UTTAR PRADESH,AGRA,2001,66,132,63,110,114,327,0,812,26.99512975,78.05278292
UTTAR PRADESH,ALIGARH,2001,50,78,44,90,54,258,0,574,27.93748577,78.00146831
UTTAR PRADESH,ALLAHABAD,2001,42,75,56,85,105,226,0,589,25.39203866,82.05172447
UTTAR PRADESH,AMBEDKAR NAGAR,2001,19,29,14,15,9,87,0,173,26.39119026,82.68282143
UTTAR PRADESH,AURAIYA,2001,11,25,21,13,7,26,0,103,26.66892394,79.42637057
UTTAR PRADESH,AZAMGARH,2001,11,41,32,14,15,81,0,194,26.00829095,83.01220251
UTTAR PRADESH,BADAUN,2001,47,41,62,51,14,76,0,291,28.08595673,78.997108
UTTAR PRADESH,BAGHPAT,2001,15,17,20,18,12,64,0,146,29.0457935,77.302663
UTTAR PRADESH,BAHRAICH,2001,14,19,19,15,17,62,0,146,27.6917763,81.46779783
UTTAR PRADESH,BALLIA,2001,18,17,19,7,22,35,0,118,25.86075638,84.03651979
UTTAR PRADESH,BANDA,2001,27,18,21,51,18,50,0,185,25.3518859,80.52487391
UTTAR PRADESH,BARABANKI,2001,41,55,35,37,21,188,0,377,26.92277703,81.35762351
UTTAR PRADESH,BAREILLY,2001,93,98,57,110,40,421,0,819,28.51101941,79.43187072
UTTAR PRADESH,BASTI,2001,18,23,22,28,12,48,0,151,26.83388045,82.69790591
UTTAR PRADESH,BIJNOR,2001,38,59,31,67,38,230,0,463,29.31397426,78.45098815
UTTAR PRADESH,BULANDSHAHAR,2001,31,64,45,71,219,227,0,657,28.34875862,78.01082759
UTTAR PRADESH,CHANDOLI,2001,4,11,16,13,0,22,0,66,25.11808596,83.25307063
UTTAR PRADESH,CHITRAKOOT DHAM,2001,8,3,8,16,4,2,0,41,25.15992462,81.07666088
UTTAR PRADESH,DEORIA,2001,7,33,27,15,15,44,0,141,26.42218857,83.82440707
UTTAR PRADESH,ETAH,2001,57,59,68,68,24,156,0,432,27.59115531,78.70021858
UTTAR PRADESH,ETAWAH,2001,20,22,29,25,26,52,0,174,26.7881767,79.07621806
UTTAR PRADESH,FAIZABAD,2001,22,26,17,24,18,49,0,156,26.60589185,82.00783531
UTTAR PRADESH,FATEHGARH,2001,9,38,22,23,28,93,0,213,27.3673,79.6221
UTTAR PRADESH,FATEHPUR,2001,28,27,46,25,15,59,0,200,25.8374362,80.85416203
UTTAR PRADESH,FIROZABAD,2001,22,59,48,33,69,89,0,320,27.20963993,78.42660625
UTTAR PRADESH,GAUTAMBUDH NAGAR,2001,16,30,17,39,40,54,0,196,28.39331104,77.52462468
UTTAR PRADESH,GHAZIABAD,2001,31,79,33,54,138,140,0,475,28.74997309,77.67441879
UTTAR PRADESH,GHAZIPUR,2001,6,19,22,18,29,56,0,150,25.62472478,83.53608546
UTTAR PRADESH,GONDA,2001,18,21,26,19,13,46,0,143,27.15721555,82.0226888
UTTAR PRADESH,GORAKHPUR,2001,13,52,16,25,36,52,0,194,26.63315887,83.35495604
UTTAR PRADESH,HARDOI,2001,70,60,63,86,21,136,0,436,27.33740909,80.26411768
UTTAR PRADESH,HATHRAS,2001,16,26,31,63,26,93,0,255,27.57814661,78.18251084
UTTAR PRADESH,J.P.NAGAR,2001,23,36,14,35,22,98,0,228,28.87049898,78.39009365
UTTAR PRADESH,JALAUN,2001,6,14,29,40,21,65,0,175,26.06795459,79.36686911
UTTAR PRADESH,JAUNPUR,2001,11,15,43,21,19,85,0,194,25.70141281,82.54315352
UTTAR PRADESH,JHANSI,2001,18,20,31,32,30,69,0,200,25.45581535,78.89954581
UTTAR PRADESH,KANNAUJ,2001,8,19,22,18,7,63,0,137,26.99398862,79.6443794
UTTAR PRADESH,KANPUR DEHAT,2001,21,34,39,45,7,79,0,225,26.43047641,79.98710083
UTTAR PRADESH,KANPUR NAGAR,2001,47,176,64,106,213,356,0,962,26.37046935,80.29251573
UTTAR PRADESH,KAUSHAMBI,2001,26,23,28,44,9,72,0,202,25.53587532,81.41811282
UTTAR PRADESH,KHIRI,2001,83,90,88,99,24,138,0,522,28.1651,80.6327
UTTAR PRADESH,KUSHI NAGAR,2001,7,20,18,19,35,14,0,113,26.89253068,83.92261542
UTTAR PRADESH,LALITPUR,2001,20,5,10,26,9,31,0,101,24.58877161,78.60082331
UTTAR PRADESH,LUCKNOW,2001,62,138,47,103,148,337,0,835,26.83823359,80.89706027
UTTAR PRADESH,MAHARAJGANJ,2001,13,13,7,13,37,10,0,93,27.17709911,83.46127857
UTTAR PRADESH,MAHOBA,2001,12,7,11,22,3,4,0,59,25.3452967,79.67863003
UTTAR PRADESH,MAINPURI,2001,13,31,42,32,3,63,0,184,27.17386862,79.03501851
UTTAR PRADESH,MATHURA,2001,25,33,21,48,50,77,0,254,27.59390433,77.62153417
UTTAR PRADESH,MAU,2001,17,25,16,33,27,39,0,157,26.01082204,83.50582654
UTTAR PRADESH,MEERUT,2001,28,96,34,59,123,236,0,576,29.02957626,77.80611006
UTTAR PRADESH,MIRZAPUR,2001,16,6,23,16,21,39,0,121,25.10207959,82.60126629
UTTAR PRADESH,MORADABAD,2001,44,72,45,79,85,207,0,532,28.85177041,78.73580193
UTTAR PRADESH,MUZAFFARNAGAR,2001,54,67,24,51,33,265,0,494,29.47050798,77.64017848
UTTAR PRADESH,PILIBHIT,2001,64,47,44,50,20,195,0,420,28.52024175,79.90103974
UTTAR PRADESH,PRATAPGARH,2001,18,35,33,21,9,44,0,160,25.86484273,81.93530049
UTTAR PRADESH,RAIBAREILLY,2001,58,50,29,57,17,137,0,348,26.25390284,81.22260463
UTTAR PRADESH,RAMPUR,2001,22,27,18,11,0,49,0,127,28.83244727,79.10977333
UTTAR PRADESH,SAHARANPUR,2001,41,52,21,45,96,196,0,451,30.03381165,77.59905148
UTTAR PRADESH,SANT KABIRNAGAR,2001,9,16,7,11,6,26,0,75,26.79159652,83.03877643
UTTAR PRADESH,SHAHJAHANPUR,2001,55,68,66,61,21,146,0,417,27.99138935,79.83022753
UTTAR PRADESH,SHRAWASTI,2001,13,18,4,16,8,18,0,77,27.60491788,81.79319777
UTTAR PRADESH,SIDHARTHNAGAR,2001,12,24,13,20,3,28,0,100,27.20738484,82.78664992
UTTAR PRADESH,SITAPUR,2001,85,47,82,71,35,106,0,426,27.50199596,80.85288881
UTTAR PRADESH,SONBHADRA,2001,5,6,12,9,4,5,0,41,24.46693269,83.06816325
UTTAR PRADESH,ST.RAVIDASNAGAR,2001,1,7,9,3,3,23,0,46,25.36457874,82.43494991
UTTAR PRADESH,SULTANPUR,2001,29,35,38,34,17,153,0,306,26.28463864,82.05710457
UTTAR PRADESH,UNNAO,2001,53,79,63,100,12,168,0,475,26.63163991,80.63677329
UTTAR PRADESH,VARANASI,2001,27,35,31,19,90,119,0,321,25.36057089,82.82529667
UTTARAKHAND,ALMORA,2001,4,1,3,5,0,5,0,18,29.68353213,79.50165064
UTTARAKHAND,BAGESHWAR,2001,1,4,8,1,0,0,0,14,29.98703393,79.83954354
UTTARAKHAND,CHAMOLI,2001,3,3,3,10,0,1,0,20,30.58338611,79.56281096
UTTARAKHAND,CHAMPAWAT,2001,0,3,0,7,0,5,0,15,29.29142394,80.07720212
UTTARAKHAND,DEHRADUN,2001,12,48,4,13,19,85,0,181,30.53333341,77.90884125
UTTARAKHAND,HARIDWAR,2001,13,23,10,21,33,105,0,205,29.88605766,77.92980068
UTTARAKHAND,NAINITAL,2001,5,0,5,11,3,29,0,53,29.33637053,79.49979118
UTTARAKHAND,PAURI GARHWAL,2001,7,7,5,4,1,7,0,31,29.97806755,78.77450163
UTTARAKHAND,PITHORAGARH,2001,7,0,2,6,4,10,0,29,30.14720632,80.34229231
UTTARAKHAND,RUDRA PRAYAG,2001,2,0,3,3,1,2,0,11,30.55657756,79.09422047
UTTARAKHAND,TEHRI GARHWAL,2001,2,5,2,3,0,8,0,20,30.46370092,78.48783793
UTTARAKHAND,UDHAMSINGH NAGAR,2001,10,29,10,7,22,31,0,109,29.02779578,79.45629005
UTTARAKHAND,UTTARKASHI,2001,8,3,1,12,1,13,0,38,30.96895855,78.56880615
WEST BENGAL,24 PARGANAS NORTH,2001,53,63,23,63,0,447,0,649,22.06238845,88.87793961
WEST BENGAL,24 PARGANAS SOUTH,2001,47,52,48,54,0,480,0,681,21.85442751,88.44536971
WEST BENGAL,ASANSOL,2001,0,0,1,0,0,32,0,33,23.6739,86.9524
WEST BENGAL,BANKURA,2001,26,5,22,28,0,78,0,159,23.08128089,87.12640054
WEST BENGAL,BIRBHUM,2001,43,28,4,43,0,151,0,269,24.06389343,87.65153089
WEST BENGAL,BURDWAN,2001,46,32,32,85,0,296,0,491,23.44445389,87.81505811
WEST BENGAL,COOCHBEHAR,2001,36,41,6,44,0,146,0,273,26.3357,89.4459
WEST BENGAL,DAKSHIN DINAJPUR,2001,10,28,4,37,0,101,0,180,25.34209436,88.6982168
WEST BENGAL,DARJEELING,2001,20,20,2,26,0,56,1,125,26.83961957,88.33145067
WEST BENGAL,HOOGHLY,2001,29,38,10,39,0,372,0,488,22.87929265,88.00010265
WEST BENGAL,HOWRAH,2001,2,5,8,13,0,43,0,71,22.40167417,87.99421177
WEST BENGAL,HOWRAH CITY,2001,7,10,5,6,0,84,0,112,22.5958,88.2636
WEST BENGAL,HOWRAH G.R.P.,2001,1,4,0,9,1,0,0,15,,
WEST BENGAL,JALPAIGURI,2001,54,24,2,47,0,150,0,277,26.62642031,89.04154375
WEST BENGAL,KOLKATA,2001,19,78,6,165,37,207,2,514,22.55058148,88.35276481
WEST BENGAL,MALDA,2001,40,23,5,48,0,92,0,208,25.08026803,88.17191685
WEST BENGAL,MIDNAPUR,2001,84,74,58,54,1,470,0,741,22.4309,87.3215
WEST BENGAL,MURSHIDABAD,2001,66,46,12,36,2,240,0,402,24.25950655,88.1681686
WEST BENGAL,NADIA,2001,71,90,10,77,7,252,0,507,23.56410971,88.58293035
WEST BENGAL,PURULIA,2001,23,15,3,48,0,86,0,175,23.25419233,86.39685329
WEST BENGAL,SEALDAH G.R.P.,2001,1,1,0,0,0,2,0,4,22.6189,88.3859
WEST BENGAL,SILIGURI G.R.P.,2001,0,0,0,1,0,0,0,1,26.7235,88.4163
WEST BENGAL,UTTAR DINAJPUR,2001,31,18,4,31,0,74,0,158,26.04461917,88.23595232
A & N ISLANDS,ANDAMAN,2001,3,2,0,18,1,9,0,33,12.38257107,92.82291051
A & N ISLANDS,NICOBAR,2001,0,0,0,1,0,0,0,1,7.83529075,93.51160124
CHANDIGARH,CHANDIGARH,2001,18,50,3,24,15,36,0,146,30.7426,76.75872466
D & N HAVELI,D and N HAVELI,2001,6,2,0,7,0,4,0,19,20.21513217,73.09454961
DAMAN & DIU,DAMAN,2001,0,3,0,0,0,4,0,7,20.43161667,72.83923661
DAMAN & DIU,DIU,2001,0,0,0,0,0,0,0,0,20.4283,72.8397
DELHI,CENTRAL,2001,28,42,4,30,7,2,0,113,28.6643,77.2167
DELHI,G.R.P.(RLY),2001,1,7,0,4,0,0,0,12,,
DELHI,I.G.I. AIRPORT,2001,0,1,0,0,2,0,0,3,28.5562,77.1
DELHI,NEW DELHI,2001,9,19,0,20,6,2,0,56,28.6139,77.209
DELHI,NORTH EAST,2001,36,123,20,34,1,8,0,222,28.7184,77.258
DELHI,NORTH WEST,2001,103,298,25,102,18,22,0,568,28.7186,77.0685
DELHI,S.T.F.,2001,0,0,0,0,0,0,0,0,,
DELHI,SOUTH WEST,2001,42,113,16,69,13,24,0,277,28.5929,77.0346
LAKSHADWEEP,LAKSHADWEEP,2001,0,0,0,0,0,0,0,0,10.5667,72.6417
PUDUCHERRY,PONDICHERRY,2001,9,3,1,35,27,3,0,78,11.9416,79.8083
